Language,Average cost,Mean,Stddev
livonian,2.727272727272727,8.33,3.2225687727261145
italian,3.6476476476476476,11.235,2.7050124014673376
estonian,4.141141141141141,10.336,3.5574934658773105
ladin,2.3535353535353534,8.12,2.0902853703006508
asturian,2.3123123123123124,8.771,2.19393991995505
