Language,Average cost,Mean,Stddev
livonian,3.111111111111111,8.33,3.2225687727261145
italian,3.5665665665665665,11.235,2.7050124014673376
estonian,4.394394394394395,10.336,3.5574934658773105
ladin,2.4242424242424243,8.12,2.0902853703006508
asturian,2.6612,8.771,2.19393991995505
