Language,Average cost,Mean,Stddev
asturian,2.1573146292585172,8.771,2.19393991995505
