Language,Average cost,Mean,Stddev
asturian,2.4324324324324325,8.771,2.19393991995505
