Language,Average cost,Mean,Stddev
livonian,2.206896551724138,8.33,3.2225687727261145
asturian,2.3166332665330662,8.771,2.19393991995505
kurmanji,2.1185344827586206,8.727,3.4263991611035647
