Language,Average cost,Mean,Stddev
asturian,2.118118118118118,8.771,2.19393991995505
