Language,Average cost,Mean,Stddev
asturian,2.6686686686686687,8.771,2.19393991995505
