Language,Average cost,Mean,Stddev
asturian,2.067134268537074,8.771,2.19393991995505
