Language,Average cost,Mean,Stddev
asturian,2.134134134134134,8.771,2.19393991995505
