Language,Average cost,Mean,Stddev
asturian,2.6016016016016015,8.771,2.19393991995505
