Language,Average cost,Mean,Stddev
asturian,2.4694694694694697,8.771,2.19393991995505
