MorphFeature;INS(r)
1,IND,PASS,PRS,SG;0.03157894736842115
1,IND,PASS,PRS,SG,V;0.03157894736842115
